order_id,customer,paid,created_at
7037203632900050082,Oda Metz,false,1773-01-21T23:48:25.733710744Z
14985777898905425373,Susanna Upton,false,2201-02-11T00:15:28.697515262Z
11073597883463570867,Dereck Batz,false,1774-01-16T22:01:58.500592232Z
2819870970209898187,Melvin Baumbach,false,1769-05-26T00:54:33.421878582Z
14575102698875629677,Raheem Kreiger,true,1793-03-18T08:39:07.246049032Z
8385931377668718071,Rupert Stoltenberg,false,1911-12-30T13:56:14.040723733Z
4399626065297178964,Richard Macejkovic,true,2020-10-01T07:55:49.659816346Z
7798463097941293309,Alysha Monahan,false,1942-10-05T02:15:22.435797212Z
4941877436380042258,Precious Mitchell,false,2096-01-13T08:26:01.603871273Z
4535801063070182542,Gladys Kuhn,false,1944-01-07T09:52:30.462601993Z
